{
  "loglinear": {
    "ok": true,
    "a": 0.0,
    "b": 0.0,
    "rss": 0.0,
    "aic": -112.06926190819375,
    "bic": -113.29667318595398
  },
  "saturating": {
    "ok": true,
    "S_inf": 0.05,
    "c": 0.05000000000000001,
    "alpha": 6.642483565348816e-16,
    "rss": 1.343336136210097e-32,
    "aic": -110.06926190819375,
    "bic": -111.91037882483408
  },
  "delta_aic": 2.0,
  "delta_bic": 1.3862943611198943
}