{
  "run_id": "RUN_20260308T190631Z_153892_7ac18515",
  "energy": -6.911737145575105,
  "entropy": 0.5306936301739684,
  "entanglement_spectrum": [
    0.8700740902586284,
    0.04323437333895516,
    0.043234373338953816,
    0.04323437333895257,
    6.623609444245635e-05,
    6.623609444242336e-05,
    6.623609444241505e-05,
    1.9914156397298547e-05,
    1.089092346217844e-06,
    1.0890923461870105e-06,
    1.0890923461758341e-06,
    1.800015494022949e-07,
    1.8000154937785378e-07,
    1.800015493742616e-07,
    1.8000154937375327e-07,
    1.8000154937368098e-07
  ],
  "entanglement_gap": 0.8268397169196732,
  "n_sites": 16,
  "elapsed_sec": 1.3939990180006134
}