{
  "loglinear": {
    "ok": true,
    "a": 0.25699272952577285,
    "b": 0.05852399555547635,
    "rss": 0.006540604457597012,
    "aic": -21.66408021677919,
    "bic": -22.89149149453941
  },
  "saturating": {
    "ok": true,
    "S_inf": 0.5341991170152104,
    "c": 0.27464498669933834,
    "alpha": 0.2868202859847772,
    "rss": 0.00603199474347938,
    "aic": -19.98788752334339,
    "bic": -21.829004439983716
  },
  "delta_aic": 1.6761926934358016,
  "delta_bic": 1.0624870545556924
}