{
  "loglinear": {
    "ok": true,
    "a": -0.18336571503346963,
    "b": 0.32288294498047837,
    "rss": 0.03820910719404223,
    "aic": -14.603902978732883,
    "bic": -15.831314256493101
  },
  "saturating": {
    "ok": true,
    "S_inf": 1.3420723612054812,
    "c": 1.6640916931195924,
    "alpha": 0.33681050674903124,
    "rss": 0.034571663444735445,
    "aic": -13.004061076670997,
    "bic": -14.845177993311324
  },
  "delta_aic": 1.5998419020618861,
  "delta_bic": 0.9861362631817769
}