{
  "run_id": "RUN_20260309T020604Z_29830_570fdd71",
  "energy": -6.911737145575103,
  "entropy": 0.5783217099219256,
  "entanglement_spectrum": [
    0.854423990225122,
    0.04836261441909082,
    0.048362614419090205,
    0.04836261441909005,
    0.00014308194684082052,
    0.00014308194684079352,
    0.0001430819468407858,
    4.781222609430439e-05,
    2.861025242413712e-06,
    2.861025242407036e-06,
    2.861025242398158e-06,
    4.846380247781063e-07,
    4.846380247121834e-07,
    4.846380247104997e-07,
    4.846380247058896e-07,
    4.846380247019038e-07,
    2.9968466832407193e-08,
    2.996846681671297e-08,
    2.9968466810858755e-08,
    9.765432202198319e-09,
    6.3941560745779e-10,
    6.394155997362215e-10,
    6.39415592444474e-10,
    1.1070332502511396e-10,
    1.1070331014782206e-10,
    1.1070330611772711e-10,
    1.1070330383544234e-10,
    1.1070326397010032e-10,
    3.2191288858391676e-11,
    1.9840753920943065e-12,
    1.984069333446709e-12,
    1.984064539356639e-12,
    1.0761929369864204e-12,
    1.0761805939627039e-12,
    1.0761640768487019e-12,
    2.1769459803321256e-13,
    2.1768590308817104e-13,
    2.1766621406286768e-13,
    2.176633740346286e-13,
    2.176325055876648e-13,
    1.9346681766462527e-14,
    1.9336961230127195e-14,
    1.932733677473324e-14,
    9.581180290959623e-15,
    2.5135494378916e-15,
    2.5059714340430893e-15,
    2.4916838551991318e-15,
    2.48091848591653e-15,
    2.437263081570175e-15,
    7.824152497090396e-16,
    7.747227174119491e-16,
    7.683605552030055e-16,
    1.623275780039207e-16,
    1.5338711009510933e-16,
    1.4512310177849817e-16,
    1.4151280789743068e-16,
    9.909253444935424e-17,
    7.028566426557708e-17,
    4.60453680505252e-17,
    4.4450017931975335e-17,
    4.2851719391356194e-17,
    4.2273065713909003e-17,
    3.907367788682681e-17,
    -3.107088705741651e-17
  ],
  "entanglement_gap": 0.8060613758060312,
  "n_sites": 16,
  "elapsed_sec": 1.4738368049997916
}