chi,restart_idx,seed,converged,num_steps,elapsed_sec,fidelity,entropy,final_energy,error_message
16,0,174042,1,600,640.1112710080001,0.9963348764122457,0.5481118899151742,-6.904906893043375,
