{
  "run_id": "RUN_20260308T135158Z_2729_31ad8b32",
  "energy": -4.254541117570145,
  "entropy": 0.1789071370783204,
  "entanglement_spectrum": [
    0.9644845637151521,
    0.021317717063990903,
    0.013877854731174376,
    0.0003067381187260923,
    1.2343164759590779e-05,
    3.171795313069139e-07,
    2.7281732017925557e-07,
    1.7760434318387143e-07,
    7.01052538976633e-09,
    4.5638589025368795e-09,
    3.925536288461538e-09,
    1.0087362100846415e-10,
    4.0591823337701435e-12,
    8.970961040339158e-14,
    5.840798928651199e-14,
    1.2958965759189619e-15
  ],
  "entanglement_gap": 0.9431668466511612,
  "n_sites": 8,
  "elapsed_sec": 14.812876349999897
}