chi,restart_idx,seed,converged,num_steps,elapsed_sec,fidelity,entropy,final_energy,error_message
2,0,20042,1,20,41.27576856900009,0.07610879474275513,0.041655837143399786,-10.082531986613636,
2,1,21042,1,20,1.1775556239999787,0.09668858051061423,0.020858772942047753,-10.095086840610328,
4,0,40042,1,20,1.8859254299998156,0.07453672804479075,0.008066929553663086,-10.076112192920021,
4,1,41042,1,20,1.2472762810000404,0.08588910889662525,0.021649766610775494,-10.092175537657889,
