{
  "run_id": "RUN_20260308T174010Z_107907_48b41865",
  "energy": -6.9117371455751115,
  "entropy": 0.5306936301739682,
  "entanglement_spectrum": [
    0.8700740902586288,
    0.0432343733389542,
    0.043234373338953906,
    0.04323437333895366,
    6.62360944424149e-05,
    6.62360944424074e-05,
    6.623609444240256e-05,
    1.991415639734027e-05,
    1.0890923461914035e-06,
    1.0890923461766566e-06,
    1.0890923461646086e-06,
    1.800015494084197e-07,
    1.8000154937377029e-07,
    1.80001549373751e-07,
    1.8000154937226109e-07,
    1.800015493697473e-07
  ],
  "entanglement_gap": 0.8268397169196746,
  "n_sites": 16,
  "elapsed_sec": 1.338566352998896
}