{
  "run_id": "RUN_20260309T015149Z_21648_b5b990a0",
  "energy": -6.911737145575092,
  "entropy": 0.4204771973599809,
  "entanglement_spectrum": [
    0.904357056107266,
    0.03188098129757827,
    0.03188098129757798,
    0.031880981297577625
  ],
  "entanglement_gap": 0.8724760748096878,
  "n_sites": 16,
  "elapsed_sec": 2.612372116000188
}