chi,restart_idx,seed,converged,num_steps,elapsed_sec,fidelity,entropy,final_energy,error_message
8,0,82042,1,600,90.59092412499967,0.992717429380695,0.3994378725165286,-6.89892062359628,
