chi,entropy,fidelity,energy,converged,ed_entropy,entropy_error
2,0.34657359027997264,0.6400000000000001,-5.120000000000001,False,0.4,0.05342640972002738
4,0.6931471805599453,0.784,-6.272,False,0.4,0.29314718055994526
8,1.0397207708399179,0.88,-7.04,False,0.4,0.6397207708399179
16,1.3862943611198906,0.936470588235294,-7.491764705882352,False,0.4,0.9862943611198906
