chi,best_restart_idx,seed,converged,elapsed_sec,fidelity,entropy,final_energy,error_message
16,14,174042,1,128.3825287590007,0.9670762489329405,0.37965157743664024,-6.873646922186072,
