{
  "run_id": "RUN_20260308T194827Z_177223_cbc92945",
  "energy": -6.911737145575105,
  "entropy": 0.5306936301739654,
  "entanglement_spectrum": [
    0.8700740902586295,
    0.043234373338955044,
    0.043234373338953774,
    0.04323437333895236,
    6.623609444245525e-05,
    6.623609444243912e-05,
    6.623609444230879e-05,
    1.9914156397339537e-05,
    1.0890923462194057e-06,
    1.0890923461794861e-06,
    1.089092346078678e-06,
    1.8000154937871013e-07,
    1.800015493751536e-07,
    1.800015493737454e-07,
    1.8000154937370726e-07,
    1.800015493250419e-07
  ],
  "entanglement_gap": 0.8268397169196744,
  "n_sites": 16,
  "elapsed_sec": 1.5705128269983106
}