{
  "energy": -3.3749325986878898,
  "cut_entropy": 0.4569757731133852,
  "model_used": "heisenberg"
}