chi,best_restart_idx,seed,converged,elapsed_sec,fidelity,entropy,final_energy,error_message
8,0,82042,1,79.69190542600018,0.9954713161339173,0.5460676621034117,-6.903926691856498,
