{
  "run_id": "RUN_20260309T020438Z_28981_ef1e117e",
  "energy": -6.911737145575108,
  "entropy": 0.5783217099219281,
  "entanglement_spectrum": [
    0.8544239902251216,
    0.0483626144190905,
    0.04836261441909038,
    0.048362614419090365,
    0.0001430819468408104,
    0.00014308194684079797,
    0.00014308194684079396,
    4.7812226094296465e-05,
    2.8610252424154956e-06,
    2.8610252424044113e-06,
    2.861025242403202e-06,
    4.846380247138202e-07,
    4.846380247104666e-07,
    4.846380247066091e-07,
    4.846380247028562e-07,
    4.846380246908605e-07,
    2.99684668414767e-08,
    2.996846682822479e-08,
    2.9968466825703305e-08,
    9.765432206673035e-09,
    6.394156024007166e-10,
    6.394155999935864e-10,
    6.394155970316795e-10,
    1.1070333110474859e-10,
    1.107033130977979e-10,
    1.1070330563906256e-10,
    1.1070330350956814e-10,
    1.1070329758060733e-10,
    3.219131028957174e-11,
    1.984083515790307e-12,
    1.984071418131048e-12,
    1.9840602128318364e-12,
    1.076189659087523e-12,
    1.0761862529185999e-12,
    1.076163283032746e-12,
    2.1768437146773953e-13,
    2.1767118851506504e-13,
    2.1766891178884747e-13,
    2.1766174265512092e-13,
    2.1762931348495508e-13,
    1.9357496445894973e-14,
    1.933476136178605e-14,
    1.9326882068735878e-14,
    9.568680628066775e-15,
    2.5034846863333526e-15,
    2.4920154241337876e-15,
    2.490987808119221e-15,
    2.487433594439573e-15,
    2.469266460670938e-15,
    7.895197382822742e-16,
    7.738031326512687e-16,
    7.611126835322613e-16,
    1.6219758750637744e-16,
    1.469274337705901e-16,
    1.4493350228076264e-16,
    1.3221048511241805e-16,
    1.2283976748813714e-16,
    5.44483283443307e-17,
    4.4258688269458784e-17,
    4.285105051364887e-17,
    4.275157221413799e-17,
    4.133434983621006e-17,
    3.6154047551603186e-17,
    -2.4087947296697e-17
  ],
  "entanglement_gap": 0.8060613758060311,
  "n_sites": 16,
  "elapsed_sec": 1.9470051769999372
}