{
  "0.5": {
    "8": {
      "L": 8,
      "delta": 0.5,
      "E0": -2.8432490260075074,
      "S": 0.4831875809860346,
      "S_ref": 0.483187580985818,
      "S_err": 2.1660451210436804e-13,
      "CE": 0.9714546821141842,
      "S_over_CE": 0.497385611374552
    },
    "12": {
      "L": 12,
      "delta": 0.5,
      "E0": -4.3381483309270825,
      "S": 0.5672110582715458,
      "S_ref": 0.5672110582459193,
      "S_err": 2.562650092130525e-11,
      "CE": 1.0056553929567087,
      "S_over_CE": 0.5640212962055513
    },
    "16": {
      "L": 16,
      "delta": 0.5,
      "E0": -5.835388676280307,
      "S": 0.6254447008959992,
      "S_ref": 0.6254447008084615,
      "S_err": 8.753775482261972e-11,
      "CE": 1.0230682086292708,
      "S_over_CE": 0.6113421330274584
    }
  },
  "2.0": {
    "8": {
      "L": 8,
      "delta": 2.0,
      "E0": -4.611274141649159,
      "S": 0.5262644134219384,
      "S_ref": 0.526264413421653,
      "S_err": 2.8543833963112775e-13,
      "CE": 0.8903337929221666,
      "S_over_CE": 0.5910866436897613
    },
    "12": {
      "L": 12,
      "delta": 2.0,
      "E0": -7.056954786581865,
      "S": 0.6319606992868022,
      "S_ref": 0.6319606993501006,
      "S_err": 6.329836654828114e-11,
      "CE": 0.8709861345124804,
      "S_over_CE": 0.7255691844515199
    },
    "16": {
      "L": 16,
      "delta": 2.0,
      "E0": -9.510952980506831,
      "S": 0.7100795652766644,
      "S_ref": 0.7100795653516486,
      "S_err": 7.498424103857815e-11,
      "CE": 0.8350122602054656,
      "S_over_CE": 0.850382202893572
    }
  }
}