{
  "loglinear": {
    "ok": true,
    "a": -0.015489028378253566,
    "b": 0.0666691446247039,
    "rss": 0.000307201878830865,
    "aic": -23.559853188175044,
    "bic": -25.362628610838826
  },
  "saturating": {
    "ok": true,
    "S_inf": 0.3106019998235976,
    "c": 0.34815346781846035,
    "alpha": 0.29851728991574944,
    "rss": 0.0004713149317872204,
    "aic": -20.275788993227827,
    "bic": -22.9799521272235
  },
  "delta_aic": 3.2840641949472165,
  "delta_bic": 2.3826764836153274
}