{
  "metadata": {
    "run_id": "RUN_20260308T135807Z_81edd714",
    "timestamp_utc": "2026-03-08T13:58:20+00:00",
    "config": {
      "chi_sweep": [
        2,
        4,
        8
      ],
      "L": 8,
      "A_size": 4,
      "model": "ising_cyclic",
      "fit_steps": 40,
      "seed": 42,
      "output_base": "results/capacity_plateau",
      "resolved_output_dir": "results/capacity_plateau/RUN_20260308T135807Z_81edd714",
      "overwrite": false
    },
    "test": "Capacity Plateau",
    "version": "3.2.0"
  },
  "ed_reference": {
    "energy": -4.254541117570134,
    "entropy": 0.17890713707831601
  },
  "fits": {
    "loglinear": {
      "ok": true,
      "a": -0.015489028378253566,
      "b": 0.0666691446247039,
      "rss": 0.000307201878830865,
      "aic": -23.559853188175044,
      "bic": -25.362628610838826
    },
    "saturating": {
      "ok": true,
      "S_inf": 0.3106019998235976,
      "c": 0.34815346781846035,
      "alpha": 0.29851728991574944,
      "rss": 0.0004713149317872204,
      "aic": -20.275788993227827,
      "bic": -22.9799521272235
    },
    "delta_aic": 3.2840641949472165,
    "delta_bic": 2.3826764836153274
  },
  "derived_checks": {
    "sat_preferred": false,
    "monotonic_entropy": true,
    "high_fidelity": false
  }
}