{
  "run_id": "RUN_20260307T161725Z_22253_9d270cb0",
  "energy": -4.221285373302039,
  "entropy": 0.0887919395354124,
  "entanglement_spectrum": [
    0.9823514014946165,
    0.01764304184550856,
    5.457620420508444e-06,
    9.801892207554182e-08,
    1.0025007636328735e-09,
    1.8004927190162596e-11,
    2.0765484826849927e-14,
    5.575232639034331e-15,
    3.9064433930652824e-16,
    9.251142248923222e-17,
    2.5235725170177257e-17,
    1.7878062566060896e-17,
    -3.540280071288804e-19,
    -1.5831591540468153e-17,
    -2.4826317157293097e-17,
    -1.151961001654799e-16
  ],
  "entanglement_gap": 0.964708359649108,
  "n_sites": 8,
  "elapsed_sec": 0.7795340630000283
}