chi,restart_idx,seed,entropy,fidelity,energy,converged,elapsed_sec,ed_entropy,entropy_error,error_message
2,0,20042,0.3017054653475904,nan,-6.647071796664352,True,17.1750345140008,,,
4,3,43042,0.39326335502374954,nan,-6.774026665390243,True,13.339449572999001,,,
8,1,81042,0.37859430215957546,nan,-6.823561006584333,True,18.105617199000335,,,
16,0,160042,0.41638107528613033,nan,-6.835535878112301,True,145.19440428500093,,,
