{
  "loglinear": {
    "ok": true,
    "a": 0.2901466052164,
    "b": 0.04751628314860651,
    "rss": 0.0019818442951819158,
    "aic": -26.440087066896897,
    "bic": -27.667498344657115
  },
  "saturating": {
    "ok": true,
    "S_inf": 0.4663810752861303,
    "c": 0.1991386687641279,
    "alpha": 0.48950981857998377,
    "rss": 0.001552542686240248,
    "aic": -25.41662244196686,
    "bic": -27.25773935860719
  },
  "delta_aic": 1.0234646249300354,
  "delta_bic": 0.4097589860499262
}