{
  "run_id": "RUN_20260308T214656Z_240112_b2bcdf3e",
  "energy": -6.9117371455751115,
  "entropy": 0.5306936301739656,
  "entanglement_spectrum": [
    0.8700740902586288,
    0.04323437333895396,
    0.04323437333895389,
    0.04323437333895367,
    6.623609444243667e-05,
    6.623609444239953e-05,
    6.623609444238563e-05,
    1.9914156397322027e-05,
    1.089092346186384e-06,
    1.0890923461726796e-06,
    1.0890923461187875e-06,
    1.800015493760534e-07,
    1.800015493748492e-07,
    1.8000154937377055e-07,
    1.8000154934753016e-07,
    1.800015493273518e-07
  ],
  "entanglement_gap": 0.8268397169196748,
  "n_sites": 16,
  "elapsed_sec": 1.409776675998728
}