chi,restart_idx,seed,converged,num_steps,elapsed_sec,fidelity,entropy,final_energy,error_message
16,0,174042,1,400,429.15839340399907,0.9918055675479988,0.48482936145224986,-6.897878052396804,
