{
  "d_s_estimated": 1.3563710336223913,
  "slope": -0.6781855168111957,
  "intercept": -0.005282143881886405,
  "r_squared": 0.9970468270884082,
  "n_points": 7,
  "fit_start_index": 1
}
