{
  "run_id": "RUN_20260308T182633Z_132761_293490ea",
  "energy": -6.911737145575105,
  "entropy": 0.5306936301739663,
  "entanglement_spectrum": [
    0.8700740902586288,
    0.04323437333895402,
    0.04323437333895369,
    0.04323437333895321,
    6.623609444244156e-05,
    6.623609444240399e-05,
    6.623609444240237e-05,
    1.991415639729861e-05,
    1.0890923462087371e-06,
    1.0890923461836942e-06,
    1.0890923461710728e-06,
    1.8000154938334507e-07,
    1.8000154937454654e-07,
    1.800015493737285e-07,
    1.800015493688218e-07,
    1.8000154930378088e-07
  ],
  "entanglement_gap": 0.8268397169196748,
  "n_sites": 16,
  "elapsed_sec": 1.7711879090020375
}