chi,best_restart_idx,seed,converged,elapsed_sec,fidelity,entropy,final_energy,error_message
16,0,174042,1,245.16014395599996,0.990075084521528,0.4782450972603305,-6.895755066477539,
