{
  "run_id": "RUN_20260308T212006Z_226455_9523c484",
  "energy": -6.911737145575093,
  "entropy": 0.5306936301739668,
  "entanglement_spectrum": [
    0.8700740902586291,
    0.04323437333895526,
    0.043234373338953636,
    0.04323437333895185,
    6.623609444260559e-05,
    6.623609444241761e-05,
    6.623609444238842e-05,
    1.9914156397324002e-05,
    1.0890923462596006e-06,
    1.0890923461765736e-06,
    1.0890923461568382e-06,
    1.8000154941126168e-07,
    1.8000154937497305e-07,
    1.800015493737153e-07,
    1.8000154937358873e-07,
    1.8000154933340374e-07
  ],
  "entanglement_gap": 0.8268397169196738,
  "n_sites": 16,
  "elapsed_sec": 2.4421454689982056
}