{
  "run_id": "RUN_20260308T151720Z_39534_da9c0612",
  "energy": -6.911737145575092,
  "entropy": 0.530693630173965,
  "entanglement_spectrum": [
    0.8700740902586299,
    0.04323437333895473,
    0.04323437333895359,
    0.043234373338952456,
    6.62360944424111e-05,
    6.623609444240208e-05,
    6.623609444234496e-05,
    1.991415639728755e-05,
    1.0890923462323518e-06,
    1.0890923461856227e-06,
    1.0890923461697914e-06,
    1.8000154941875374e-07,
    1.8000154937863143e-07,
    1.8000154937374543e-07,
    1.8000154937368135e-07,
    1.8000154936888375e-07
  ],
  "entanglement_gap": 0.8268397169196752,
  "n_sites": 16,
  "elapsed_sec": 1.9515286350006136
}