chi,restart_idx,seed,entropy,fidelity,energy,converged,elapsed_sec,ed_entropy,entropy_error,error_message
2,1,21042,0.32668783331386975,nan,-6.655256291443029,True,12.140917995000564,,,
4,2,42042,0.40400491348802736,nan,-6.808264793216173,True,13.013850097000613,,,
8,2,82042,0.37395231754546965,nan,-6.824018238959315,True,17.10687408800004,,,
16,2,162042,0.44169912933029454,nan,-6.838798294545603,True,129.433208243001,,,
