{
  "loglinear": {
    "ok": true,
    "a": 0.3078407253927361,
    "b": 0.04544219480951589,
    "rss": 0.002127615157532292,
    "aic": -26.156191728006895,
    "bic": -27.383603005767114
  },
  "saturating": {
    "ok": true,
    "S_inf": 0.5226180683834152,
    "c": 0.23721535538686378,
    "alpha": 0.35015639061616105,
    "rss": 0.0020912807783560637,
    "aic": -24.225091796830892,
    "bic": -26.06620871347122
  },
  "delta_aic": 1.9310999311760035,
  "delta_bic": 1.3173942922958943
}