{
  "run_id": "RUN_20260308T175923Z_118074_2175a3d0",
  "energy": -6.911737145575106,
  "entropy": 0.5306936301739668,
  "entanglement_spectrum": [
    0.8700740902586295,
    0.043234373338954746,
    0.04323437333895372,
    0.04323437333895264,
    6.62360944424577e-05,
    6.623609444243154e-05,
    6.623609444240827e-05,
    1.9914156397329565e-05,
    1.0890923463001447e-06,
    1.0890923462011812e-06,
    1.089092346183457e-06,
    1.8000154942748186e-07,
    1.8000154937831655e-07,
    1.8000154936908982e-07,
    1.8000154936848258e-07,
    1.800015493313347e-07
  ],
  "entanglement_gap": 0.8268397169196747,
  "n_sites": 16,
  "elapsed_sec": 1.6906673989997216
}