{
  "run_id": "RUN_20260308T175923Z_118074_2175a3d0",
  "model": "heisenberg_open",
  "L": 16,
  "A_size": 4,
  "chi_sweep": [
    4,
    8,
    16
  ],
  "ed_energy": -6.911737145575106,
  "ed_entropy": 0.5306936301739668,
  "num_total_restarts": 24,
  "num_failed_restarts": 0,
  "num_successful_restarts": 24,
  "best_per_chi": [
    {
      "chi": 4,
      "restart_idx": 5,
      "seed": 45042,
      "converged": true,
      "fidelity": 0.749778493488637,
      "entropy": 0.3761935799427025,
      "final_energy": -6.778996430565463,
      "elapsed_sec": 12.038137669000207,
      "error_message": null
    },
    {
      "chi": 8,
      "restart_idx": 4,
      "seed": 84042,
      "converged": true,
      "fidelity": 0.8835862818660285,
      "entropy": 0.3897375781610815,
      "final_energy": -6.825277243168812,
      "elapsed_sec": 16.110100813000827,
      "error_message": null
    },
    {
      "chi": 16,
      "restart_idx": 1,
      "seed": 161042,
      "converged": true,
      "fidelity": 0.9157933765036594,
      "entropy": 0.4002154850495507,
      "final_energy": -6.84041092126148,
      "elapsed_sec": 128.9809492860004,
      "error_message": null
    }
  ],
  "validation": {
    "branch_policy": "baseline",
    "energy_sanity": {
      "passed": true,
      "tolerance": 1e-06,
      "invalid_points": []
    },
    "framework_eligible": true
  },
  "timing": {
    "ed_elapsed_sec": 1.6906673989997216,
    "total_elapsed_sec": 1253.8733277250012
  }
}