{
  "loglinear": {
    "ok": true,
    "a": 0.0,
    "b": 0.0,
    "rss": 0.0,
    "aic": -82.18890021378998,
    "bic": -83.99167563645376
  },
  "saturating": {
    "ok": true,
    "S_inf": 0.05,
    "c": 0.04999999999999994,
    "alpha": -1.3687041488567605e-16,
    "rss": 8.61853650113288e-33,
    "aic": -80.18890021378998,
    "bic": -82.89306334778564
  },
  "delta_aic": 2.0,
  "delta_bic": 1.0986122886681216
}