{
  "metadata": {
    "run_id": "RUN_20260308T135956Z_c2c24674",
    "timestamp_utc": "2026-03-08T14:00:23+00:00",
    "config": {
      "chi_sweep": [
        2,
        4,
        8
      ],
      "L": 16,
      "A_size": 4,
      "model": "ising_cyclic",
      "fit_steps": 40,
      "seed": 42,
      "output_base": "results/capacity_plateau",
      "resolved_output_dir": "results/capacity_plateau/RUN_20260308T135956Z_c2c24674",
      "overwrite": false
    },
    "test": "Capacity Plateau",
    "version": "3.2.0"
  },
  "ed_reference": null,
  "fits": {
    "loglinear": {
      "ok": true,
      "a": 0.0,
      "b": 0.0,
      "rss": 0.0,
      "aic": -82.18890021378998,
      "bic": -83.99167563645376
    },
    "saturating": {
      "ok": true,
      "S_inf": 0.05,
      "c": 0.04999999999999994,
      "alpha": -1.3687041488567605e-16,
      "rss": 8.61853650113288e-33,
      "aic": -80.18890021378998,
      "bic": -82.89306334778564
    },
    "delta_aic": 2.0,
    "delta_bic": 1.0986122886681216
  },
  "derived_checks": {
    "sat_preferred": false,
    "monotonic_entropy": true,
    "high_fidelity": null
  }
}