{
  "run_id": "RUN_20260308T223219Z_263176_af58fe39",
  "energy": -6.9117371455751,
  "entropy": 0.5306936301739705,
  "entanglement_spectrum": [
    0.8700740902586289,
    0.04323437333895452,
    0.04323437333895382,
    0.0432343733389532,
    6.62360944424825e-05,
    6.623609444241857e-05,
    6.623609444240077e-05,
    1.9914156397338158e-05,
    1.0890923462739229e-06,
    1.0890923461825446e-06,
    1.0890923461697417e-06,
    1.800015494138935e-07,
    1.800015493870802e-07,
    1.8000154937377164e-07,
    1.8000154937007934e-07,
    1.800015493596815e-07
  ],
  "entanglement_gap": 0.8268397169196744,
  "n_sites": 16,
  "elapsed_sec": 1.6018501699982153
}