{
  "run_id": "RUN_20260308T135612Z_4856_7f015205",
  "energy": -4.2545411175701355,
  "entropy": 0.17890713707831718,
  "entanglement_spectrum": [
    0.9644845637151515,
    0.02131771706399088,
    0.013877854731174394,
    0.0003067381187261062,
    1.234316475957901e-05,
    3.1717953131481947e-07,
    2.728173201655606e-07,
    1.776043431841731e-07,
    7.010525359931941e-09,
    4.563858879137495e-09,
    3.9255362600700605e-09,
    1.0087365679878336e-10,
    4.059168304546612e-12,
    8.974373461179938e-14,
    5.840408318454766e-14,
    1.2357103704565858e-15
  ],
  "entanglement_gap": 0.9431668466511606,
  "n_sites": 8,
  "elapsed_sec": 1.295102713999995
}