{
  "run_id": "RUN_20260308T135612Z_4856_7f015205",
  "model": "ising_cyclic",
  "L": 8,
  "A_size": 4,
  "chi_sweep": [
    2,
    4,
    8
  ],
  "ed_energy": -4.2545411175701355,
  "ed_entropy": 0.17890713707831718,
  "num_total_restarts": 6,
  "num_failed_restarts": 0,
  "num_successful_restarts": 6,
  "best_per_chi": [
    {
      "chi": 2,
      "restart_idx": 1,
      "seed": 21042,
      "converged": true,
      "fidelity": 0.09565698076975743,
      "entropy": 0.076556679871157,
      "final_energy": -10.127089807507932,
      "elapsed_sec": 2.1126092179999887,
      "error_message": null
    },
    {
      "chi": 4,
      "restart_idx": 1,
      "seed": 41042,
      "converged": true,
      "fidelity": 0.1220858872370848,
      "entropy": 0.10656967515550769,
      "final_energy": -10.157548837766184,
      "elapsed_sec": 2.3259470359998886,
      "error_message": null
    },
    {
      "chi": 8,
      "restart_idx": 0,
      "seed": 80042,
      "converged": true,
      "fidelity": 0.2112890514244978,
      "entropy": 0.6353923311510188,
      "final_energy": -10.228131212670721,
      "elapsed_sec": 3.154452484000103,
      "error_message": null
    }
  ],
  "timing": {
    "ed_elapsed_sec": 1.295102713999995,
    "total_elapsed_sec": 20.00393995399986
  }
}