{
  "L": 8,
  "A_size": 4,
  "B_size": 4,
  "S_cut": 0.4569757731133852,
  "S_A": 0.4569757731133841,
  "S_B": 0.4569757731133841,
  "rho_A_diagnostics": {
    "hermitian": true,
    "trace_one": true,
    "positive_semidefinite": true,
    "min_eigenvalue": 3.011217682233756e-08,
    "max_eigenvalue": 0.8933887107013165,
    "rank_filtered": 16,
    "entropy": 0.4569757731133841,
    "spectrum_filtered": [
      3.011217682233755e-08,
      3.011217682840413e-08,
      3.01121768284511e-08,
      3.011217682845883e-08,
      3.011217685182046e-08,
      1.9036600380840558e-07,
      1.9036600384011103e-07,
      1.903660038528772e-07,
      4.1392810002680936e-06,
      1.6468623735273556e-05,
      1.646862373528914e-05,
      1.6468623735338405e-05,
      0.0355190074958605,
      0.03551900749586055,
      0.03551900749586065,
      0.8933887107013163
    ]
  },
  "rho_B_diagnostics": {
    "hermitian": true,
    "trace_one": true,
    "positive_semidefinite": true,
    "min_eigenvalue": 3.011217682233756e-08,
    "max_eigenvalue": 0.8933887107013165,
    "rank_filtered": 16,
    "entropy": 0.4569757731133841,
    "spectrum_filtered": [
      3.011217682233755e-08,
      3.011217682840413e-08,
      3.01121768284511e-08,
      3.011217682845883e-08,
      3.011217685182046e-08,
      1.9036600380840558e-07,
      1.9036600384011103e-07,
      1.903660038528772e-07,
      4.1392810002680936e-06,
      1.6468623735273556e-05,
      1.646862373528914e-05,
      1.6468623735338405e-05,
      0.0355190074958605,
      0.03551900749586055,
      0.03551900749586065,
      0.8933887107013163
    ]
  },
  "rho_A_shape": [
    16,
    16
  ],
  "rho_B_shape": [
    16,
    16
  ]
}