{
  "d_s_estimated": 1.5151803453640837,
  "slope": -0.7575901726820419,
  "intercept": 0.023807934496504216,
  "r_squared": 0.9983557662800724,
  "n_points": 4,
  "fit_start_index": 1
}
