{
  "energy": -4.221285373302042,
  "cut_entropy": 0.08879193953541306,
  "model_used": "ising"
}