chi,best_restart_idx,seed,converged,elapsed_sec,fidelity,entropy,final_energy,error_message
16,0,174042,1,646.47663465,0.9959714091344506,0.4997272330076838,-6.904531800637143,
