{
  "run_id": "RUN_20260308T220502Z_250067_23cd850e",
  "energy": -6.911737145575088,
  "entropy": 0.5306936301739682,
  "entanglement_spectrum": [
    0.870074090258629,
    0.04323437333895437,
    0.043234373338953844,
    0.043234373338953275,
    6.623609444244809e-05,
    6.623609444240642e-05,
    6.623609444237079e-05,
    1.991415639733681e-05,
    1.0890923462163937e-06,
    1.089092346175544e-06,
    1.089092346159015e-06,
    1.8000154942101397e-07,
    1.800015493816463e-07,
    1.800015493752137e-07,
    1.8000154937372441e-07,
    1.8000154937306746e-07
  ],
  "entanglement_gap": 0.8268397169196746,
  "n_sites": 16,
  "elapsed_sec": 1.9383156320000126
}