chi,restart_idx,seed,converged,num_steps,elapsed_sec,fidelity,entropy,final_energy,error_message
16,0,174042,1,600,646.47663465,0.9959714091344506,0.4997272330076838,-6.904531800637143,
