chi,best_restart_idx,seed,converged,elapsed_sec,fidelity,entropy,final_energy,error_message
16,0,168042,1,426.5480856059985,0.9917535259357703,0.4828124955197698,-6.898321487373924,
