{
  "run_id": "RUN_20260308T215506Z_244756_94595382",
  "energy": -6.911737145575103,
  "entropy": 0.5306936301739689,
  "entanglement_spectrum": [
    0.8700740902586291,
    0.043234373338954156,
    0.04323437333895383,
    0.04323437333895339,
    6.623609444244107e-05,
    6.623609444240541e-05,
    6.623609444239998e-05,
    1.9914156397310138e-05,
    1.0890923461919966e-06,
    1.089092346171206e-06,
    1.0890923461549844e-06,
    1.8000154937394528e-07,
    1.8000154937268087e-07,
    1.800015493720124e-07,
    1.8000154937025158e-07,
    1.800015493342311e-07
  ],
  "entanglement_gap": 0.826839716919675,
  "n_sites": 16,
  "elapsed_sec": 1.5542439489981916
}