{
  "run_id": "RUN_20260308T215506Z_244756_94595382",
  "model": "heisenberg_open",
  "L": 16,
  "A_size": 4,
  "chi_sweep": [
    16
  ],
  "ed_energy": -6.911737145575103,
  "ed_entropy": 0.5306936301739689,
  "num_total_restarts": 1,
  "num_failed_restarts": 0,
  "num_successful_restarts": 1,
  "best_per_chi": [
    {
      "chi": 16,
      "restart_idx": 0,
      "seed": 168042,
      "converged": true,
      "fidelity": 0.9917535259357703,
      "entropy": 0.4828124955197698,
      "final_energy": -6.898321487373924,
      "elapsed_sec": 426.5480856059985,
      "error_message": null
    }
  ],
  "validation": {
    "branch_policy": "baseline",
    "energy_sanity": {
      "passed": true,
      "tolerance": 1e-06,
      "invalid_points": []
    },
    "framework_eligible": true
  },
  "timing": {
    "ed_elapsed_sec": 1.5542439489981916,
    "total_elapsed_sec": 428.1029231320026
  }
}