{
  "energy": -4.221285373302043,
  "cut_entropy": 0.08879193953541167,
  "model_used": "ising"
}