{
  "run_id": "RUN_20260308T135715Z_5447_db6348a0",
  "energy": -3.374932598687889,
  "entropy": 0.45697577311338383,
  "entanglement_spectrum": [
    0.8933887107013166,
    0.03551900749586063,
    0.03551900749586049,
    0.0355190074958604,
    1.646862373529774e-05,
    1.6468623735283826e-05,
    1.6468623735272503e-05,
    4.13928100027826e-06,
    1.9036600386348025e-07,
    1.903660038410724e-07,
    1.9036600381847654e-07,
    3.0112176871435254e-08,
    3.0112176832083036e-08,
    3.01121768284295e-08,
    3.0112176827436425e-08,
    3.0112176825808997e-08
  ],
  "entanglement_gap": 0.857869703205456,
  "n_sites": 8,
  "elapsed_sec": 0.996236030999853
}