chi,best_restart_idx,seed,converged,elapsed_sec,fidelity,entropy,final_energy,error_message
16,0,174042,1,585.207324554,0.9971357770869429,0.4047700709614314,-6.905611362100505,
