{
  "run_id": "RUN_20260309T015420Z_23012_c3fb8501",
  "energy": -6.911737145575093,
  "entropy": 0.4204771973599812,
  "entanglement_spectrum": [
    0.904357056107266,
    0.03188098129757838,
    0.03188098129757804,
    0.03188098129757766
  ],
  "entanglement_gap": 0.8724760748096876,
  "n_sites": 16,
  "elapsed_sec": 1.8947303099998862
}