{
  "run_id": "RUN_20260308T175349Z_115541_b83861c9",
  "energy": -3.3749325986878866,
  "entropy": 0.4569757731133814,
  "entanglement_spectrum": [
    0.8933887107013164,
    0.03551900749586059,
    0.035519007495860525,
    0.03551900749586041,
    1.6468623735283812e-05,
    1.6468623735280787e-05,
    1.646862373525428e-05,
    4.139281000253318e-06,
    1.9036600384963944e-07,
    1.9036600384288448e-07,
    1.9036600382365813e-07,
    3.011217684201213e-08,
    3.0112176828303615e-08,
    3.0112176818894065e-08,
    3.011217679245351e-08,
    3.0112176786860125e-08
  ],
  "entanglement_gap": 0.8578697032054559,
  "n_sites": 8,
  "elapsed_sec": 1.5716682329984906
}