{
  "loglinear": {
    "ok": true,
    "a": -0.15648084390131933,
    "b": 0.24141345779601517,
    "rss": 0.051114638202113025,
    "aic": -13.439914888135434,
    "bic": -14.667326165895652
  },
  "saturating": {
    "ok": true,
    "S_inf": 1.320164846282029,
    "c": 1.613643751418621,
    "alpha": 0.25834549538740764,
    "rss": 0.06865295799302913,
    "aic": -10.259941683158662,
    "bic": -12.10105859979899
  },
  "delta_aic": 3.179973204976772,
  "delta_bic": 2.5662675660966627
}