{
  "metadata": {
    "run_id": "RUN_20260307T163845Z_3ed474bd",
    "timestamp_utc": "2026-03-07T16:39:14+00:00",
    "config": {
      "chi_sweep": [
        2,
        4,
        8,
        16
      ],
      "L": 8,
      "A_size": 4,
      "model": "ising_cyclic",
      "fit_steps": 80,
      "seed": 42,
      "output_base": "results/capacity_plateau",
      "resolved_output_dir": "results/capacity_plateau/RUN_20260307T163845Z_3ed474bd",
      "overwrite": false
    },
    "test": "Capacity Plateau",
    "version": "3.2.0"
  },
  "ed_reference": {
    "energy": -4.254541117570139,
    "entropy": 0.1789071370783165
  },
  "fits": {
    "loglinear": {
      "ok": true,
      "a": -0.15648084390131933,
      "b": 0.24141345779601517,
      "rss": 0.051114638202113025,
      "aic": -13.439914888135434,
      "bic": -14.667326165895652
    },
    "saturating": {
      "ok": true,
      "S_inf": 1.320164846282029,
      "c": 1.613643751418621,
      "alpha": 0.25834549538740764,
      "rss": 0.06865295799302913,
      "aic": -10.259941683158662,
      "bic": -12.10105859979899
    },
    "delta_aic": 3.179973204976772,
    "delta_bic": 2.5662675660966627
  },
  "derived_checks": {
    "sat_preferred": false,
    "monotonic_entropy": true,
    "high_fidelity": false
  }
}