{
  "d_s_estimated": 1.6245179013732176,
  "slope": -0.8122589506866088,
  "intercept": 0.21430001916840413,
  "r_squared": 0.9997529013429628,
  "n_points": 4,
  "fit_start_index": 1
}
