chi,best_restart_idx,seed,converged,elapsed_sec,fidelity,entropy,final_energy,error_message
8,0,82042,1,80.96199755700218,0.9914124147368256,0.4850359905588586,-6.897604507028019,
